product_name,price,rating,color,size,gender,timestamp
T-shirt 2,1634400.0,3.9,3,M,Women,2025-09-02 16:40:46.221445
Hoodie 3,7950080.0,4.8,3,L,Unisex,2025-09-02 16:40:46.221445
Pants 4,7476960.0,3.3,3,XL,Men,2025-09-02 16:40:46.222546
Outerwear 5,5145440.0,3.5,3,XXL,Women,2025-09-02 16:40:46.222546
Jacket 6,2453920.0,3.3,3,S,Unisex,2025-09-02 16:40:46.222546
Crewneck 7,6892000.0,4.3,3,M,Men,2025-09-02 16:40:46.223530
T-shirt 8,7802560.0,3.1,3,L,Women,2025-09-02 16:40:46.223530
Hoodie 9,3972160.0,3.2,3,XL,Unisex,2025-09-02 16:40:46.224133
Pants 10,3100160.0,4.2,3,XXL,Men,2025-09-02 16:40:46.224133
Jacket 12,8527840.0,3.9,3,M,Unisex,2025-09-02 16:40:46.225138
Crewneck 13,5447200.0,3.2,3,L,Men,2025-09-02 16:40:46.225138
T-shirt 14,3248800.0,3.8,3,XL,Women,2025-09-02 16:40:46.226160
Hoodie 15,2184160.0,3.6,3,XXL,Unisex,2025-09-02 16:40:46.226160
Outerwear 17,841600.0,3.8,3,M,Women,2025-09-02 16:40:46.228165
Jacket 18,5500000.0,3.8,3,L,Unisex,2025-09-02 16:40:46.229184
Crewneck 19,1308960.0,3.6,3,XL,Men,2025-09-02 16:40:46.230175
T-shirt 20,1325600.0,3.4,3,XXL,Women,2025-09-02 16:40:46.231189
Pants 22,4319680.0,4.9,3,M,Men,2025-09-02 16:40:48.729678
Outerwear 23,4655840.0,3.7,3,L,Women,2025-09-02 16:40:48.730676
Jacket 24,8223520.0,3.9,3,XL,Unisex,2025-09-02 16:40:48.731672
Crewneck 25,8322559.999999999,3.3,3,XXL,Men,2025-09-02 16:40:48.732775
T-shirt 26,7292320.0,4.6,3,S,Women,2025-09-02 16:40:48.733360
Hoodie 27,3551840.0,4.8,3,M,Unisex,2025-09-02 16:40:48.734449
Pants 28,5216160.0,4.0,3,L,Men,2025-09-02 16:40:48.734449
Outerwear 29,861600.0,3.1,3,XL,Women,2025-09-02 16:40:48.735702
Jacket 30,8610240.0,3.7,3,XXL,Unisex,2025-09-02 16:40:48.736822
T-shirt 32,6657920.0,3.4,3,M,Women,2025-09-02 16:40:48.737885
Hoodie 33,7248160.0,3.5,3,L,Unisex,2025-09-02 16:40:48.738888
Pants 34,8362719.999999999,3.8,3,XL,Men,2025-09-02 16:40:48.738888
Outerwear 35,1356160.0,3.8,3,XXL,Women,2025-09-02 16:40:48.739891
Jacket 36,7249280.0,3.7,3,S,Unisex,2025-09-02 16:40:48.740825
Crewneck 37,6006080.0,4.0,3,M,Men,2025-09-02 16:40:48.740825
T-shirt 38,4866080.0,3.2,3,L,Women,2025-09-02 16:40:48.741822
Hoodie 39,6431200.0,4.6,3,XL,Unisex,2025-09-02 16:40:48.741822
Pants 40,5853600.0,3.1,3,XXL,Men,2025-09-02 16:40:48.741822
Jacket 42,6744160.0,3.7,3,M,Unisex,2025-09-02 16:40:51.173506
Crewneck 43,2909600.0,4.5,3,L,Men,2025-09-02 16:40:51.174526
T-shirt 44,3312320.0,3.0,3,XL,Women,2025-09-02 16:40:51.174526
Hoodie 45,8693120.0,4.5,3,XXL,Unisex,2025-09-02 16:40:51.174526
Outerwear 47,6364640.0,3.2,3,M,Women,2025-09-02 16:40:51.175543
Jacket 48,4994720.0,3.4,3,L,Unisex,2025-09-02 16:40:51.176543
Crewneck 49,1071200.0,4.0,3,XL,Men,2025-09-02 16:40:51.176543
T-shirt 50,5932960.0,3.1,3,XXL,Women,2025-09-02 16:40:51.177548
Pants 52,1596480.0,4.0,3,M,Men,2025-09-02 16:40:51.178545
Outerwear 53,4470880.0,4.3,3,L,Women,2025-09-02 16:40:51.178545
Jacket 54,854560.0,4.2,3,XL,Unisex,2025-09-02 16:40:51.179565
Crewneck 55,1793760.0,3.6,3,XXL,Men,2025-09-02 16:40:51.179565
T-shirt 56,4643040.0,3.8,3,S,Women,2025-09-02 16:40:51.179565
Hoodie 57,3155360.0,4.9,3,M,Unisex,2025-09-02 16:40:51.179565
Pants 58,1637760.0,4.4,3,L,Men,2025-09-02 16:40:51.180725
Outerwear 59,2254240.0,4.6,3,XL,Women,2025-09-02 16:40:51.180725
Jacket 60,3375520.0,4.2,3,XXL,Unisex,2025-09-02 16:40:51.180725
T-shirt 62,1376480.0,3.8,3,M,Women,2025-09-02 16:40:53.421614
Hoodie 63,6479200.0,3.6,3,L,Unisex,2025-09-02 16:40:53.421614
Pants 64,7728480.0,4.0,3,XL,Men,2025-09-02 16:40:53.423203
Outerwear 65,2385920.0,4.1,3,XXL,Women,2025-09-02 16:40:53.423203
Jacket 66,4353120.0,3.5,3,S,Unisex,2025-09-02 16:40:53.424289
Crewneck 67,8470720.0,3.5,3,M,Men,2025-09-02 16:40:53.424289
T-shirt 68,8025280.0,4.0,3,L,Women,2025-09-02 16:40:53.425295
Hoodie 69,1027839.9999999999,3.6,3,XL,Unisex,2025-09-02 16:40:53.425295
Pants 70,1171360.0,4.4,3,XXL,Men,2025-09-02 16:40:53.426295
Jacket 72,3776000.0,4.4,3,M,Unisex,2025-09-02 16:40:53.427229
Crewneck 73,2460320.0,3.0,3,L,Men,2025-09-02 16:40:53.427229
T-shirt 74,7704800.0,3.8,3,XL,Women,2025-09-02 16:40:53.427229
Hoodie 75,2101760.0,4.3,3,XXL,Unisex,2025-09-02 16:40:53.428439
Outerwear 77,861760.0,3.7,3,M,Women,2025-09-02 16:40:53.428439
Jacket 78,2716480.0,4.3,3,L,Unisex,2025-09-02 16:40:53.429926
Crewneck 79,3309600.0,4.6,3,XL,Men,2025-09-02 16:40:53.429926
T-shirt 80,4178399.9999999995,4.5,3,XXL,Women,2025-09-02 16:40:53.429926
Pants 82,8315520.0,4.8,3,M,Men,2025-09-02 16:40:56.093153
Outerwear 83,3947840.0,3.7,3,L,Women,2025-09-02 16:40:56.093153
Jacket 84,2826080.0,4.8,3,XL,Unisex,2025-09-02 16:40:56.093153
Crewneck 85,4564160.0,3.5,3,XXL,Men,2025-09-02 16:40:56.093153
T-shirt 86,1670880.0,3.9,3,S,Women,2025-09-02 16:40:56.093153
Hoodie 87,7870240.0,4.3,3,M,Unisex,2025-09-02 16:40:56.094175
Pants 88,7590400.0,3.1,3,L,Men,2025-09-02 16:40:56.094175
Outerwear 89,4856320.0,3.0,3,XL,Women,2025-09-02 16:40:56.094691
Jacket 90,7160000.0,4.0,3,XXL,Unisex,2025-09-02 16:40:56.094691
T-shirt 92,5012320.0,3.5,3,M,Women,2025-09-02 16:40:56.095713
Hoodie 93,1365280.0,3.6,3,L,Unisex,2025-09-02 16:40:56.095713
Pants 94,1074880.0,4.3,3,XL,Men,2025-09-02 16:40:56.096733
Outerwear 95,6062240.0,3.5,3,XXL,Women,2025-09-02 16:40:56.097709
Jacket 96,4598240.0,4.9,3,S,Unisex,2025-09-02 16:40:56.097709
Crewneck 97,6113120.0,3.9,3,M,Men,2025-09-02 16:40:56.097709
T-shirt 98,8596960.0,3.1,3,L,Women,2025-09-02 16:40:56.097709
Hoodie 99,5028000.0,3.6,3,XL,Unisex,2025-09-02 16:40:56.097709
Pants 100,2217280.0,4.6,3,XXL,Men,2025-09-02 16:40:56.098856
Jacket 102,3840640.0,3.3,3,M,Unisex,2025-09-02 16:40:58.957021
Crewneck 103,2331680.0,3.5,3,L,Men,2025-09-02 16:40:58.957021
T-shirt 104,2374400.0,3.8,3,XL,Women,2025-09-02 16:40:58.957021
Hoodie 105,5019840.0,4.2,3,XXL,Unisex,2025-09-02 16:40:58.958058
Outerwear 107,6625120.0,4.0,3,M,Women,2025-09-02 16:40:58.959067
Jacket 108,5551680.0,4.8,3,L,Unisex,2025-09-02 16:40:58.959067
Crewneck 109,5886880.0,3.3,3,XL,Men,2025-09-02 16:40:58.959067
T-shirt 110,7197120.0,4.6,3,XXL,Women,2025-09-02 16:40:58.960025
Pants 112,4261920.0,3.3,3,M,Men,2025-09-02 16:40:58.961998
Outerwear 113,4472000.0,3.7,3,L,Women,2025-09-02 16:40:58.961998
Jacket 114,5386560.0,4.9,3,XL,Unisex,2025-09-02 16:40:58.963547
Crewneck 115,1933280.0,4.5,3,XXL,Men,2025-09-02 16:40:58.964679
T-shirt 116,3474560.0,3.0,3,S,Women,2025-09-02 16:40:58.966057
Hoodie 117,3376320.0,5.0,3,M,Unisex,2025-09-02 16:40:58.966057
Pants 118,5585440.0,3.2,3,L,Men,2025-09-02 16:40:58.967197
Outerwear 119,3561760.0,3.4,3,XL,Women,2025-09-02 16:40:58.967197
Jacket 120,7480320.0,4.0,3,XXL,Unisex,2025-09-02 16:40:58.968129
T-shirt 122,1961920.0,3.6,3,M,Women,2025-09-02 16:41:01.542513
Hoodie 123,4498080.0,3.8,3,L,Unisex,2025-09-02 16:41:01.543516
Pants 124,7023520.0,3.2,3,XL,Men,2025-09-02 16:41:01.544031
Outerwear 125,6998240.0,4.2,3,XXL,Women,2025-09-02 16:41:01.547198
Jacket 126,4426080.0,3.9,3,S,Unisex,2025-09-02 16:41:01.547198
Crewneck 127,8311680.0,4.0,3,M,Men,2025-09-02 16:41:01.547198
T-shirt 128,4466720.0,3.8,3,L,Women,2025-09-02 16:41:01.547198
Hoodie 129,2532480.0,4.5,3,XL,Unisex,2025-09-02 16:41:01.548194
Pants 130,6603520.0,4.8,3,XXL,Men,2025-09-02 16:41:01.548194
Jacket 132,6474880.0,4.2,3,M,Unisex,2025-09-02 16:41:01.548194
Crewneck 133,2016320.0,4.7,3,L,Men,2025-09-02 16:41:01.548194
T-shirt 134,5937440.0,3.2,3,XL,Women,2025-09-02 16:41:01.549192
Hoodie 135,5141440.0,4.7,3,XXL,Unisex,2025-09-02 16:41:01.549192
Outerwear 137,6988320.0,4.5,3,M,Women,2025-09-02 16:41:01.550195
Jacket 138,4635520.0,3.4,3,L,Unisex,2025-09-02 16:41:01.551195
Crewneck 139,8053120.0,4.5,3,XL,Men,2025-09-02 16:41:01.551195
T-shirt 140,6811040.0,3.5,3,XXL,Women,2025-09-02 16:41:01.552191
Pants 142,2325280.0,4.9,3,M,Men,2025-09-02 16:41:03.170226
Outerwear 143,3346560.0,4.9,3,L,Women,2025-09-02 16:41:03.171174
Jacket 144,5758240.0,4.3,3,XL,Unisex,2025-09-02 16:41:03.171174
Crewneck 145,3472800.0,4.8,3,XXL,Men,2025-09-02 16:41:03.172172
T-shirt 146,7688640.0,4.3,3,S,Women,2025-09-02 16:41:03.173171
Hoodie 147,3052800.0,5.0,3,M,Unisex,2025-09-02 16:41:03.173769
Pants 148,6033440.0,4.7,3,L,Men,2025-09-02 16:41:03.174789
Outerwear 149,3105920.0,3.2,3,XL,Women,2025-09-02 16:41:03.174789
Jacket 150,1500640.0,3.6,3,XXL,Unisex,2025-09-02 16:41:03.175886
T-shirt 152,6288640.0,4.2,3,M,Women,2025-09-02 16:41:03.176819
Hoodie 153,2660640.0,4.3,3,L,Unisex,2025-09-02 16:41:03.177817
Pants 154,2337440.0,3.0,3,XL,Men,2025-09-02 16:41:03.177817
Outerwear 155,3783200.0,4.1,3,XXL,Women,2025-09-02 16:41:03.178810
Jacket 156,6645120.0,3.6,3,S,Unisex,2025-09-02 16:41:03.178810
Crewneck 157,1105760.0,4.0,3,M,Men,2025-09-02 16:41:03.179881
T-shirt 158,7321120.0,4.0,3,L,Women,2025-09-02 16:41:03.179881
Hoodie 159,2371680.0,4.9,3,XL,Unisex,2025-09-02 16:41:03.179881
Pants 160,2802880.0,3.4,3,XXL,Men,2025-09-02 16:41:03.179881
Jacket 162,1543840.0,4.5,3,M,Unisex,2025-09-02 16:41:05.871827
Crewneck 163,7861920.0,4.4,3,L,Men,2025-09-02 16:41:05.871827
T-shirt 164,3512000.0,3.9,3,XL,Women,2025-09-02 16:41:05.871827
Hoodie 165,6921280.0,4.9,3,XXL,Unisex,2025-09-02 16:41:05.871827
Outerwear 167,3273760.0,3.1,3,M,Women,2025-09-02 16:41:05.873424
Jacket 168,870400.0,4.4,3,L,Unisex,2025-09-02 16:41:05.874475
Crewneck 169,8032800.0,4.7,3,XL,Men,2025-09-02 16:41:05.874475
T-shirt 170,6677920.0,4.5,3,XXL,Women,2025-09-02 16:41:05.874475
Pants 172,1566080.0,4.9,3,M,Men,2025-09-02 16:41:05.876453
Outerwear 173,7034560.0,4.6,3,L,Women,2025-09-02 16:41:05.877460
Jacket 174,6282240.0,3.3,3,XL,Unisex,2025-09-02 16:41:05.878761
Crewneck 175,8125120.0,4.5,3,XXL,Men,2025-09-02 16:41:05.878761
T-shirt 176,6104320.0,3.6,3,S,Women,2025-09-02 16:41:05.880068
Hoodie 177,1890400.0,4.6,3,M,Unisex,2025-09-02 16:41:05.881437
Pants 178,6184160.0,3.0,3,L,Men,2025-09-02 16:41:05.881437
Outerwear 179,5816640.0,3.5,3,XL,Women,2025-09-02 16:41:05.881437
Jacket 180,5552640.0,3.9,3,XXL,Unisex,2025-09-02 16:41:05.883259
T-shirt 182,2334880.0,3.8,3,M,Women,2025-09-02 16:41:08.895899
Hoodie 183,3904640.0,3.6,3,L,Unisex,2025-09-02 16:41:08.896794
Pants 184,7759520.0,4.5,3,XL,Men,2025-09-02 16:41:08.896794
Outerwear 185,7822880.0,3.2,3,XXL,Women,2025-09-02 16:41:08.897796
Jacket 186,6940480.0,4.2,3,S,Unisex,2025-09-02 16:41:08.897796
Crewneck 187,6663520.0,3.8,3,M,Men,2025-09-02 16:41:08.897796
T-shirt 188,3927840.0,4.4,3,L,Women,2025-09-02 16:41:08.898804
Hoodie 189,1946720.0,4.0,3,XL,Unisex,2025-09-02 16:41:08.898804
Pants 190,2220960.0,4.5,3,XXL,Men,2025-09-02 16:41:08.899812
Jacket 192,5066240.0,3.8,3,M,Unisex,2025-09-02 16:41:08.899812
Crewneck 193,7355680.0,4.1,3,L,Men,2025-09-02 16:41:08.900796
T-shirt 194,2818720.0,4.9,3,XL,Women,2025-09-02 16:41:08.900796
Hoodie 195,7208960.0,4.9,3,XXL,Unisex,2025-09-02 16:41:08.900796
Outerwear 197,5681600.0,4.9,3,M,Women,2025-09-02 16:41:08.901795
Jacket 198,5435040.0,4.5,3,L,Unisex,2025-09-02 16:41:08.901795
Crewneck 199,6744320.0,3.1,3,XL,Men,2025-09-02 16:41:08.901795
T-shirt 200,6289920.0,3.5,3,XXL,Women,2025-09-02 16:41:08.901795
Pants 202,5592480.0,3.3,3,M,Men,2025-09-02 16:41:11.239188
Outerwear 203,2144000.0,3.4,3,L,Women,2025-09-02 16:41:11.239188
Jacket 204,6031040.0,3.9,3,XL,Unisex,2025-09-02 16:41:11.240210
Crewneck 205,6434880.0,3.2,3,XXL,Men,2025-09-02 16:41:11.240210
T-shirt 206,4674720.0,4.5,3,S,Women,2025-09-02 16:41:11.241149
Hoodie 207,6101440.0,3.5,3,M,Unisex,2025-09-02 16:41:11.241149
Pants 208,4637600.0,3.1,3,L,Men,2025-09-02 16:41:11.241149
Outerwear 209,7980640.0,4.3,3,XL,Women,2025-09-02 16:41:11.241149
Jacket 210,7827360.0,4.7,3,XXL,Unisex,2025-09-02 16:41:11.242149
T-shirt 212,8794880.0,4.7,3,M,Women,2025-09-02 16:41:11.242149
Hoodie 213,5748000.0,3.6,3,L,Unisex,2025-09-02 16:41:11.243722
Pants 214,4315680.0,4.9,3,XL,Men,2025-09-02 16:41:11.243722
Outerwear 215,1449600.0,3.8,3,XXL,Women,2025-09-02 16:41:11.243722
Jacket 216,4576480.0,4.6,3,S,Unisex,2025-09-02 16:41:11.244997
Crewneck 217,5772960.0,4.8,3,M,Men,2025-09-02 16:41:11.246013
T-shirt 218,5600320.0,3.1,3,L,Women,2025-09-02 16:41:11.246013
Hoodie 219,5671040.0,4.6,3,XL,Unisex,2025-09-02 16:41:11.246013
Pants 220,3357600.0,3.2,3,XXL,Men,2025-09-02 16:41:11.246013
Jacket 222,7438080.0,3.4,3,M,Unisex,2025-09-02 16:41:13.341032
Crewneck 223,952960.0,4.8,3,L,Men,2025-09-02 16:41:13.341032
T-shirt 224,3534560.0,4.5,3,XL,Women,2025-09-02 16:41:13.341032
Hoodie 225,5232800.0,3.5,3,XXL,Unisex,2025-09-02 16:41:13.341032
Outerwear 227,6742560.0,4.8,3,M,Women,2025-09-02 16:41:13.343166
Jacket 228,8076800.0,4.5,3,L,Unisex,2025-09-02 16:41:13.343166
Crewneck 229,3101920.0,4.9,3,XL,Men,2025-09-02 16:41:13.344640
T-shirt 230,7133280.0,4.5,3,XXL,Women,2025-09-02 16:41:13.344640
Pants 232,8327360.000000001,4.0,3,M,Men,2025-09-02 16:41:13.345659
Outerwear 233,847360.0,4.8,3,L,Women,2025-09-02 16:41:13.345659
Jacket 234,1159200.0,4.5,3,XL,Unisex,2025-09-02 16:41:13.346678
Crewneck 235,6560320.0,3.4,3,XXL,Men,2025-09-02 16:41:13.346678
T-shirt 236,5492320.0,3.9,3,S,Women,2025-09-02 16:41:13.346678
Hoodie 237,4743520.0,3.1,3,M,Unisex,2025-09-02 16:41:13.347665
Pants 238,8301920.0,3.8,3,L,Men,2025-09-02 16:41:13.347665
Outerwear 239,7934080.0,3.1,3,XL,Women,2025-09-02 16:41:13.347665
Jacket 240,7600000.0,3.8,3,XXL,Unisex,2025-09-02 16:41:13.348661
T-shirt 242,4833600.0,3.4,3,M,Women,2025-09-02 16:41:16.568493
Hoodie 243,3371680.0,3.1,3,L,Unisex,2025-09-02 16:41:16.569455
Pants 244,8116160.0,3.1,3,XL,Men,2025-09-02 16:41:16.570445
Outerwear 245,1451680.0,4.0,3,XXL,Women,2025-09-02 16:41:16.571440
Jacket 246,8735040.0,3.1,3,S,Unisex,2025-09-02 16:41:16.572444
Crewneck 247,8769120.0,3.0,3,M,Men,2025-09-02 16:41:16.573472
T-shirt 248,2280000.0,4.5,3,L,Women,2025-09-02 16:41:16.574016
Hoodie 249,2149440.0,4.2,3,XL,Unisex,2025-09-02 16:41:16.575296
Pants 250,4314240.0,3.1,3,XXL,Men,2025-09-02 16:41:16.575818
Jacket 252,8408480.0,3.2,3,M,Unisex,2025-09-02 16:41:16.577301
Crewneck 253,1854720.0,3.9,3,L,Men,2025-09-02 16:41:16.578308
T-shirt 254,5984160.0,3.9,3,XL,Women,2025-09-02 16:41:16.578308
Hoodie 255,3668000.0,4.1,3,XXL,Unisex,2025-09-02 16:41:16.580867
Outerwear 257,7073120.0,5.0,3,M,Women,2025-09-02 16:41:16.583403
Jacket 258,2080639.9999999998,4.7,3,L,Unisex,2025-09-02 16:41:16.583403
Crewneck 259,2275520.0,3.3,3,XL,Men,2025-09-02 16:41:16.585764
T-shirt 260,6271520.0,3.5,3,XXL,Women,2025-09-02 16:41:16.585764
Pants 262,1097760.0,3.4,3,M,Men,2025-09-02 16:41:18.823247
Outerwear 263,1878400.0,4.2,3,L,Women,2025-09-02 16:41:18.823247
Jacket 264,2063040.0,4.8,3,XL,Unisex,2025-09-02 16:41:18.823247
Crewneck 265,2483040.0,3.5,3,XXL,Men,2025-09-02 16:41:18.825556
T-shirt 266,4842080.0,4.6,3,S,Women,2025-09-02 16:41:18.825556
Hoodie 267,4086240.0,4.3,3,M,Unisex,2025-09-02 16:41:18.825556
Pants 268,5005120.0,3.6,3,L,Men,2025-09-02 16:41:18.827090
Outerwear 269,8073920.0,3.1,3,XL,Women,2025-09-02 16:41:18.827090
Jacket 270,2569120.0,4.2,3,XXL,Unisex,2025-09-02 16:41:18.827090
T-shirt 272,5811840.0,3.3,3,M,Women,2025-09-02 16:41:18.828122
Hoodie 273,5291360.0,4.9,3,L,Unisex,2025-09-02 16:41:18.829116
Pants 274,3669280.0,4.2,3,XL,Men,2025-09-02 16:41:18.829116
Outerwear 275,5575360.0,4.8,3,XXL,Women,2025-09-02 16:41:18.830115
Jacket 276,1013600.0,4.3,3,S,Unisex,2025-09-02 16:41:18.830115
Crewneck 277,2383680.0,4.7,3,M,Men,2025-09-02 16:41:18.831114
T-shirt 278,2087360.0000000002,3.8,3,L,Women,2025-09-02 16:41:18.831114
Hoodie 279,5592320.0,4.7,3,XL,Unisex,2025-09-02 16:41:18.831114
Pants 280,7501440.0,3.9,3,XXL,Men,2025-09-02 16:41:18.832123
Jacket 282,2227040.0,3.0,3,M,Unisex,2025-09-02 16:41:21.211115
Crewneck 283,6633120.0,3.2,3,L,Men,2025-09-02 16:41:21.211115
T-shirt 284,6568000.0,3.6,3,XL,Women,2025-09-02 16:41:21.212116
Hoodie 285,3009120.0,3.2,3,XXL,Unisex,2025-09-02 16:41:21.212116
Outerwear 287,5273600.0,3.7,3,M,Women,2025-09-02 16:41:21.213111
Jacket 288,3123040.0,4.1,3,L,Unisex,2025-09-02 16:41:21.213624
Crewneck 289,888000.0,4.0,3,XL,Men,2025-09-02 16:41:21.213624
T-shirt 290,6425120.0,4.2,3,XXL,Women,2025-09-02 16:41:21.214661
Pants 292,2384480.0,3.9,3,M,Men,2025-09-02 16:41:21.214661
Outerwear 293,1176160.0,4.5,3,L,Women,2025-09-02 16:41:21.214661
Jacket 294,5947200.0,3.8,3,XL,Unisex,2025-09-02 16:41:21.216054
Crewneck 295,7266720.0,4.9,3,XXL,Men,2025-09-02 16:41:21.216054
T-shirt 296,1172160.0,3.1,3,S,Women,2025-09-02 16:41:21.217050
Hoodie 297,7801120.0,3.6,3,M,Unisex,2025-09-02 16:41:21.217050
Pants 298,2426080.0,4.8,3,L,Men,2025-09-02 16:41:21.218049
Outerwear 299,1947840.0,4.3,3,XL,Women,2025-09-02 16:41:21.218049
Jacket 300,6408480.0,4.0,3,XXL,Unisex,2025-09-02 16:41:21.218049
T-shirt 302,5711200.0,3.2,3,M,Women,2025-09-02 16:41:23.491841
Hoodie 303,7974560.0,4.1,3,L,Unisex,2025-09-02 16:41:23.493366
Pants 304,7129760.0,3.4,3,XL,Men,2025-09-02 16:41:23.494401
Outerwear 305,6325440.0,4.5,3,XXL,Women,2025-09-02 16:41:23.494401
Jacket 306,7575040.0,4.2,3,S,Unisex,2025-09-02 16:41:23.495428
Crewneck 307,7735200.0,3.7,3,M,Men,2025-09-02 16:41:23.496448
T-shirt 308,4086080.0,4.1,3,L,Women,2025-09-02 16:41:23.497426
Hoodie 309,3953120.0,4.8,3,XL,Unisex,2025-09-02 16:41:23.497426
Pants 310,6329280.0,4.7,3,XXL,Men,2025-09-02 16:41:23.498421
Jacket 312,7267040.0,3.8,3,M,Unisex,2025-09-02 16:41:23.500432
Crewneck 313,1948320.0,3.1,3,L,Men,2025-09-02 16:41:23.501429
T-shirt 314,6017120.0,3.2,3,XL,Women,2025-09-02 16:41:23.502448
Hoodie 315,7022880.0,3.1,3,XXL,Unisex,2025-09-02 16:41:23.503505
Outerwear 317,5259040.0,3.3,3,M,Women,2025-09-02 16:41:23.505521
Jacket 318,5667200.0,3.7,3,L,Unisex,2025-09-02 16:41:23.505521
Crewneck 319,3085920.0,3.3,3,XL,Men,2025-09-02 16:41:23.506647
T-shirt 320,829440.0,3.3,3,XXL,Women,2025-09-02 16:41:23.507595
Pants 322,7810400.0,3.2,3,M,Men,2025-09-02 16:41:27.221738
Outerwear 323,8468000.0,3.1,3,L,Women,2025-09-02 16:41:27.221738
Jacket 324,6082720.0,3.3,3,XL,Unisex,2025-09-02 16:41:27.221738
Crewneck 325,3001760.0,3.4,3,XXL,Men,2025-09-02 16:41:27.221738
T-shirt 326,4519360.0,4.9,3,S,Women,2025-09-02 16:41:27.223267
Hoodie 327,6641440.0,4.4,3,M,Unisex,2025-09-02 16:41:27.223267
Pants 328,5732960.0,4.5,3,L,Men,2025-09-02 16:41:27.223267
Outerwear 329,6724160.0,4.7,3,XL,Women,2025-09-02 16:41:27.223267
Jacket 330,1591200.0,4.3,3,XXL,Unisex,2025-09-02 16:41:27.224293
T-shirt 332,2335680.0,3.4,3,M,Women,2025-09-02 16:41:27.224293
Hoodie 333,1746080.0,4.8,3,L,Unisex,2025-09-02 16:41:27.230549
Pants 334,2409440.0,3.8,3,XL,Men,2025-09-02 16:41:27.230549
Outerwear 335,2826720.0,3.0,3,XXL,Women,2025-09-02 16:41:27.231899
Jacket 336,6237760.0,5.0,3,S,Unisex,2025-09-02 16:41:27.231899
Crewneck 337,8608800.0,4.3,3,M,Men,2025-09-02 16:41:27.233206
T-shirt 338,2883360.0,3.9,3,L,Women,2025-09-02 16:41:27.233825
Hoodie 339,4424800.0,4.9,3,XL,Unisex,2025-09-02 16:41:27.234999
Pants 340,5975200.0,4.3,3,XXL,Men,2025-09-02 16:41:27.234999
Jacket 342,1827680.0,4.8,3,M,Unisex,2025-09-02 16:41:29.484521
Crewneck 343,2279040.0,4.1,3,L,Men,2025-09-02 16:41:29.485516
T-shirt 344,3415680.0,4.5,3,XL,Women,2025-09-02 16:41:29.487523
Hoodie 345,7577440.0,3.3,3,XXL,Unisex,2025-09-02 16:41:29.487523
Outerwear 347,6986080.0,4.7,3,M,Women,2025-09-02 16:41:29.490099
Jacket 348,3195040.0,4.6,3,L,Unisex,2025-09-02 16:41:29.491159
Crewneck 349,6085600.0,3.5,3,XL,Men,2025-09-02 16:41:29.492157
T-shirt 350,8047680.0,5.0,3,XXL,Women,2025-09-02 16:41:29.493157
Pants 352,2838880.0,4.0,3,M,Men,2025-09-02 16:41:29.493679
Outerwear 353,961600.0,3.6,3,L,Women,2025-09-02 16:41:29.494706
Jacket 354,2294720.0,3.8,3,XL,Unisex,2025-09-02 16:41:29.494706
Crewneck 355,4246560.0,3.2,3,XXL,Men,2025-09-02 16:41:29.496177
T-shirt 356,7150080.0,4.3,3,S,Women,2025-09-02 16:41:29.496177
Hoodie 357,3739360.0,3.6,3,M,Unisex,2025-09-02 16:41:29.497173
Pants 358,8479520.0,3.9,3,L,Men,2025-09-02 16:41:29.498259
Outerwear 359,1696480.0,4.3,3,XL,Women,2025-09-02 16:41:29.498259
Jacket 360,8788320.0,4.8,3,XXL,Unisex,2025-09-02 16:41:29.499173
T-shirt 362,4776800.0,5.0,3,M,Women,2025-09-02 16:41:31.936248
Hoodie 363,1171360.0,3.2,3,L,Unisex,2025-09-02 16:41:31.936248
Pants 364,4972800.0,4.8,3,XL,Men,2025-09-02 16:41:31.937252
Outerwear 365,6956480.0,4.5,3,XXL,Women,2025-09-02 16:41:31.937252
Jacket 366,5854880.0,4.9,3,S,Unisex,2025-09-02 16:41:31.937252
Crewneck 367,8359360.000000001,4.9,3,M,Men,2025-09-02 16:41:31.938248
T-shirt 368,965120.0,3.2,3,L,Women,2025-09-02 16:41:31.938248
Hoodie 369,7204960.0,4.7,3,XL,Unisex,2025-09-02 16:41:31.938248
Pants 370,4559680.0,3.6,3,XXL,Men,2025-09-02 16:41:31.938248
Jacket 372,5052960.0,3.6,3,M,Unisex,2025-09-02 16:41:31.939773
Crewneck 373,2231040.0,3.6,3,L,Men,2025-09-02 16:41:31.939773
T-shirt 374,7697120.0,3.9,3,XL,Women,2025-09-02 16:41:31.940797
Hoodie 375,7027520.0,3.9,3,XXL,Unisex,2025-09-02 16:41:31.940797
Outerwear 377,6802080.0,4.8,3,M,Women,2025-09-02 16:41:31.943332
Jacket 378,3402400.0,3.6,3,L,Unisex,2025-09-02 16:41:31.945369
Crewneck 379,3963200.0,4.4,3,XL,Men,2025-09-02 16:41:31.945369
T-shirt 380,2547040.0,3.8,3,XXL,Women,2025-09-02 16:41:31.946404
Pants 382,1356160.0,4.4,3,M,Men,2025-09-02 16:41:34.889445
Outerwear 383,3431040.0,3.4,3,L,Women,2025-09-02 16:41:34.890507
Jacket 384,1452960.0,3.3,3,XL,Unisex,2025-09-02 16:41:34.890507
Crewneck 385,7950720.0,4.9,3,XXL,Men,2025-09-02 16:41:34.890507
T-shirt 386,4793600.0,4.6,3,S,Women,2025-09-02 16:41:34.891434
Hoodie 387,8418080.0,4.2,3,M,Unisex,2025-09-02 16:41:34.891434
Pants 388,931200.0,3.1,3,L,Men,2025-09-02 16:41:34.892842
Outerwear 389,2883200.0,5.0,3,XL,Women,2025-09-02 16:41:34.893367
Jacket 390,5432960.0,3.3,3,XXL,Unisex,2025-09-02 16:41:34.893367
T-shirt 392,1226080.0,4.4,3,M,Women,2025-09-02 16:41:34.894405
Hoodie 393,4068480.0,3.2,3,L,Unisex,2025-09-02 16:41:34.895400
Pants 394,3540000.0,3.3,3,XL,Men,2025-09-02 16:41:34.895400
Outerwear 395,3098720.0,4.0,3,XXL,Women,2025-09-02 16:41:34.896797
Jacket 396,2505280.0,3.9,3,S,Unisex,2025-09-02 16:41:34.897825
Crewneck 397,855360.0,3.6,3,M,Men,2025-09-02 16:41:34.898814
T-shirt 398,4592800.0,4.7,3,L,Women,2025-09-02 16:41:34.898814
Hoodie 399,2523520.0,3.6,3,XL,Unisex,2025-09-02 16:41:34.898814
Pants 400,6020640.0,4.7,3,XXL,Men,2025-09-02 16:41:34.899870
Jacket 402,2029120.0,4.6,3,M,Unisex,2025-09-02 16:41:37.660893
Crewneck 403,1580320.0,4.1,3,L,Men,2025-09-02 16:41:37.660893
T-shirt 404,3501120.0,4.9,3,XL,Women,2025-09-02 16:41:37.660893
Hoodie 405,5080160.0,3.8,3,XXL,Unisex,2025-09-02 16:41:37.661889
Outerwear 407,2761280.0,3.7,3,M,Women,2025-09-02 16:41:37.663416
Jacket 408,4176000.0,4.9,3,L,Unisex,2025-09-02 16:41:37.663416
Crewneck 409,3221760.0,3.5,3,XL,Men,2025-09-02 16:41:37.663416
T-shirt 410,1586720.0,3.1,3,XXL,Women,2025-09-02 16:41:37.664447
Pants 412,5438240.0,4.4,3,M,Men,2025-09-02 16:41:37.665646
Outerwear 413,1306400.0,3.4,3,L,Women,2025-09-02 16:41:37.665646
Jacket 414,2234720.0,3.7,3,XL,Unisex,2025-09-02 16:41:37.666724
Crewneck 415,3617440.0,3.1,3,XXL,Men,2025-09-02 16:41:37.666724
T-shirt 416,4454080.0,3.1,3,S,Women,2025-09-02 16:41:37.666724
Hoodie 417,2769440.0,4.6,3,M,Unisex,2025-09-02 16:41:37.666724
Pants 418,6307840.0,5.0,3,L,Men,2025-09-02 16:41:37.667774
Outerwear 419,7004000.0,5.0,3,XL,Women,2025-09-02 16:41:37.667774
Jacket 420,2472640.0,3.1,3,XXL,Unisex,2025-09-02 16:41:37.667774
T-shirt 422,924320.0,3.9,3,M,Women,2025-09-02 16:41:40.380386
Hoodie 423,4601760.0,3.7,3,L,Unisex,2025-09-02 16:41:40.381387
Pants 424,3865760.0,4.4,3,XL,Men,2025-09-02 16:41:40.381387
Outerwear 425,2528480.0,4.8,3,XXL,Women,2025-09-02 16:41:40.382342
Jacket 426,3462400.0,3.4,3,S,Unisex,2025-09-02 16:41:40.383335
Crewneck 427,6375200.0,3.3,3,M,Men,2025-09-02 16:41:40.383929
T-shirt 428,7053120.0,4.9,3,L,Women,2025-09-02 16:41:40.384446
Hoodie 429,1658560.0,4.9,3,XL,Unisex,2025-09-02 16:41:40.385711
Pants 430,1442080.0,3.9,3,XXL,Men,2025-09-02 16:41:40.385711
Jacket 432,2151840.0,4.5,3,M,Unisex,2025-09-02 16:41:40.387721
Crewneck 433,3872480.0,4.2,3,L,Men,2025-09-02 16:41:40.387721
T-shirt 434,6557120.0,4.9,3,XL,Women,2025-09-02 16:41:40.388723
Hoodie 435,1015680.0,4.0,3,XXL,Unisex,2025-09-02 16:41:40.389722
Outerwear 437,1016800.0,3.9,3,M,Women,2025-09-02 16:41:40.391658
Jacket 438,2453120.0,4.5,3,L,Unisex,2025-09-02 16:41:40.391658
Crewneck 439,4005440.0,3.2,3,XL,Men,2025-09-02 16:41:40.392666
T-shirt 440,5326080.0,3.0,3,XXL,Women,2025-09-02 16:41:40.393655
Pants 442,4701600.0,4.3,3,M,Men,2025-09-02 16:41:43.207766
Outerwear 443,7262720.0,4.2,3,L,Women,2025-09-02 16:41:43.207766
Jacket 444,4016960.0,3.3,3,XL,Unisex,2025-09-02 16:41:43.208863
Crewneck 445,3574240.0,4.5,3,XXL,Men,2025-09-02 16:41:43.209868
T-shirt 446,7740160.0,3.2,3,S,Women,2025-09-02 16:41:43.209868
Hoodie 447,4748640.0,4.0,3,M,Unisex,2025-09-02 16:41:43.210877
Pants 448,820160.0,4.4,3,L,Men,2025-09-02 16:41:43.211860
Outerwear 449,6410080.0,4.0,3,XL,Women,2025-09-02 16:41:43.211860
Jacket 450,8754880.0,3.1,3,XXL,Unisex,2025-09-02 16:41:43.211860
T-shirt 452,6892800.0,4.4,3,M,Women,2025-09-02 16:41:43.211860
Hoodie 453,6576960.0,4.2,3,L,Unisex,2025-09-02 16:41:43.211860
Pants 454,2179520.0,5.0,3,XL,Men,2025-09-02 16:41:43.213375
Outerwear 455,1094080.0,4.8,3,XXL,Women,2025-09-02 16:41:43.213375
Jacket 456,8096000.0,4.1,3,S,Unisex,2025-09-02 16:41:43.213375
Crewneck 457,7342880.0,4.8,3,M,Men,2025-09-02 16:41:43.214395
T-shirt 458,4240000.0,4.4,3,L,Women,2025-09-02 16:41:43.214395
Hoodie 459,3237280.0,3.5,3,XL,Unisex,2025-09-02 16:41:43.215416
Pants 460,1880800.0,3.6,3,XXL,Men,2025-09-02 16:41:43.215416
Jacket 462,6767840.0,4.5,3,M,Unisex,2025-09-02 16:41:45.632108
Crewneck 463,7539520.0,4.5,3,L,Men,2025-09-02 16:41:45.632108
T-shirt 464,6070080.0,4.5,3,XL,Women,2025-09-02 16:41:45.633633
Hoodie 465,6164320.0,4.7,3,XXL,Unisex,2025-09-02 16:41:45.634659
Outerwear 467,1325920.0,3.5,3,M,Women,2025-09-02 16:41:45.636683
Jacket 468,4584960.0,3.7,3,L,Unisex,2025-09-02 16:41:45.636683
Crewneck 469,1738880.0,4.2,3,XL,Men,2025-09-02 16:41:45.637793
T-shirt 470,7738880.0,3.1,3,XXL,Women,2025-09-02 16:41:45.637793
Pants 472,3902080.0,3.1,3,M,Men,2025-09-02 16:41:45.638872
Outerwear 473,5478080.0,4.2,3,L,Women,2025-09-02 16:41:45.639867
Jacket 474,5864960.0,4.7,3,XL,Unisex,2025-09-02 16:41:45.640883
Crewneck 475,7017280.0,4.6,3,XXL,Men,2025-09-02 16:41:45.640883
T-shirt 476,3986240.0,4.3,3,S,Women,2025-09-02 16:41:45.641872
Hoodie 477,6626080.0,4.2,3,M,Unisex,2025-09-02 16:41:45.641872
Pants 478,4912000.0,3.8,3,L,Men,2025-09-02 16:41:45.641872
Outerwear 479,7302400.0,4.4,3,XL,Women,2025-09-02 16:41:45.641872
Jacket 480,4986240.0,4.2,3,XXL,Unisex,2025-09-02 16:41:45.643361
T-shirt 482,3352480.0,4.8,3,M,Women,2025-09-02 16:41:47.850915
Hoodie 483,4035040.0,4.2,3,L,Unisex,2025-09-02 16:41:47.851861
Pants 484,6428640.0,4.1,3,XL,Men,2025-09-02 16:41:47.851861
Outerwear 485,4044480.0,4.7,3,XXL,Women,2025-09-02 16:41:47.851861
Jacket 486,2573760.0,3.0,3,S,Unisex,2025-09-02 16:41:47.853394
Crewneck 487,6955520.0,3.7,3,M,Men,2025-09-02 16:41:47.854456
T-shirt 488,8789760.0,3.8,3,L,Women,2025-09-02 16:41:47.854456
Hoodie 489,3554560.0,5.0,3,XL,Unisex,2025-09-02 16:41:47.855431
Pants 490,7081600.0,3.1,3,XXL,Men,2025-09-02 16:41:47.855431
Jacket 492,6011840.0,3.0,3,M,Unisex,2025-09-02 16:41:47.856502
Crewneck 493,5071520.0,4.8,3,L,Men,2025-09-02 16:41:47.857425
T-shirt 494,1390080.0,3.4,3,XL,Women,2025-09-02 16:41:47.858623
Hoodie 495,1663200.0,4.5,3,XXL,Unisex,2025-09-02 16:41:47.858623
Outerwear 497,3957760.0,4.4,3,M,Women,2025-09-02 16:41:47.862033
Jacket 498,4412800.0,4.6,3,L,Unisex,2025-09-02 16:41:47.863746
Crewneck 499,7825920.0,4.1,3,XL,Men,2025-09-02 16:41:47.864775
T-shirt 500,8114400.0,4.2,3,XXL,Women,2025-09-02 16:41:47.865799
Pants 502,7132480.0,4.4,3,M,Men,2025-09-02 16:41:50.274778
Outerwear 503,4924480.0,4.8,3,L,Women,2025-09-02 16:41:50.274778
Jacket 504,8024480.0,5.0,3,XL,Unisex,2025-09-02 16:41:50.275821
Crewneck 505,8747680.0,4.3,3,XXL,Men,2025-09-02 16:41:50.275821
T-shirt 506,8572000.0,3.6,3,S,Women,2025-09-02 16:41:50.276961
Hoodie 507,6844000.0,4.7,3,M,Unisex,2025-09-02 16:41:50.276961
Pants 508,7766080.0,3.5,3,L,Men,2025-09-02 16:41:50.278978
Outerwear 509,7178400.0,3.1,3,XL,Women,2025-09-02 16:41:50.280259
Jacket 510,1562080.0,3.4,3,XXL,Unisex,2025-09-02 16:41:50.281236
T-shirt 512,4319680.0,3.7,3,M,Women,2025-09-02 16:41:50.282234
Hoodie 513,1693760.0,4.4,3,L,Unisex,2025-09-02 16:41:50.283256
Pants 514,6888960.0,3.9,3,XL,Men,2025-09-02 16:41:50.283256
Outerwear 515,7262560.0,3.1,3,XXL,Women,2025-09-02 16:41:50.283256
Jacket 516,7130720.0,3.4,3,S,Unisex,2025-09-02 16:41:50.284501
Crewneck 517,1069280.0,3.5,3,M,Men,2025-09-02 16:41:50.284501
T-shirt 518,2575680.0,4.1,3,L,Women,2025-09-02 16:41:50.285443
Hoodie 519,2236160.0,4.5,3,XL,Unisex,2025-09-02 16:41:50.286441
Pants 520,2308320.0,3.8,3,XXL,Men,2025-09-02 16:41:50.286441
Jacket 522,6292960.0,4.0,3,M,Unisex,2025-09-02 16:41:53.174603
Crewneck 523,3626720.0,4.6,3,L,Men,2025-09-02 16:41:53.175633
T-shirt 524,936000.0,3.8,3,XL,Women,2025-09-02 16:41:53.175633
Hoodie 525,7919040.0,3.6,3,XXL,Unisex,2025-09-02 16:41:53.176631
Outerwear 527,4669280.0,3.6,3,M,Women,2025-09-02 16:41:53.176631
Jacket 528,5595840.0,4.0,3,L,Unisex,2025-09-02 16:41:53.177625
Crewneck 529,1420160.0,3.2,3,XL,Men,2025-09-02 16:41:53.177625
T-shirt 530,6173760.0,3.3,3,XXL,Women,2025-09-02 16:41:53.178632
Pants 532,8391200.0,4.1,3,M,Men,2025-09-02 16:41:53.178632
Outerwear 533,3370240.0,4.2,3,L,Women,2025-09-02 16:41:53.179634
Jacket 534,3479200.0,3.7,3,XL,Unisex,2025-09-02 16:41:53.179634
Crewneck 535,3901280.0,3.7,3,XXL,Men,2025-09-02 16:41:53.179634
T-shirt 536,5092480.0,3.0,3,S,Women,2025-09-02 16:41:53.180631
Hoodie 537,8671840.0,3.1,3,M,Unisex,2025-09-02 16:41:53.180631
Pants 538,6134240.0,3.4,3,L,Men,2025-09-02 16:41:53.180631
Outerwear 539,4692640.0,4.7,3,XL,Women,2025-09-02 16:41:53.181624
Jacket 540,7051840.0,4.4,3,XXL,Unisex,2025-09-02 16:41:53.181624
T-shirt 542,4761440.0,3.5,3,M,Women,2025-09-02 16:41:55.867132
Hoodie 543,8715680.0,4.7,3,L,Unisex,2025-09-02 16:41:55.868084
Pants 544,5957760.0,3.1,3,XL,Men,2025-09-02 16:41:55.868084
Outerwear 545,3579360.0,4.0,3,XXL,Women,2025-09-02 16:41:55.869144
Jacket 546,6271520.0,3.3,3,S,Unisex,2025-09-02 16:41:55.869144
Crewneck 547,5361120.0,3.9,3,M,Men,2025-09-02 16:41:55.869144
T-shirt 548,2686240.0,4.6,3,L,Women,2025-09-02 16:41:55.869144
Hoodie 549,2687200.0,3.7,3,XL,Unisex,2025-09-02 16:41:55.870718
Pants 550,4450080.0,4.9,3,XXL,Men,2025-09-02 16:41:55.870718
Jacket 552,5380320.0,4.1,3,M,Unisex,2025-09-02 16:41:55.870718
Crewneck 553,7760800.0,3.8,3,L,Men,2025-09-02 16:41:55.871798
T-shirt 554,4001120.0,4.5,3,XL,Women,2025-09-02 16:41:55.871798
Hoodie 555,1809600.0,3.0,3,XXL,Unisex,2025-09-02 16:41:55.871798
Outerwear 557,5460480.0,3.4,3,M,Women,2025-09-02 16:41:55.874351
Jacket 558,5007040.0,4.0,3,L,Unisex,2025-09-02 16:41:55.876386
Crewneck 559,1590880.0,3.5,3,XL,Men,2025-09-02 16:41:55.877418
T-shirt 560,6885280.0,4.2,3,XXL,Women,2025-09-02 16:41:55.878444
Pants 562,3724160.0,4.5,3,M,Men,2025-09-02 16:41:58.599222
Outerwear 563,8197440.000000001,4.7,3,L,Women,2025-09-02 16:41:58.599222
Jacket 564,8319200.000000001,4.3,3,XL,Unisex,2025-09-02 16:41:58.600211
Crewneck 565,7635200.0,3.5,3,XXL,Men,2025-09-02 16:41:58.600211
T-shirt 566,2611360.0,4.6,3,S,Women,2025-09-02 16:41:58.600211
Hoodie 567,4576160.0,3.2,3,M,Unisex,2025-09-02 16:41:58.601210
Pants 568,2984160.0,3.3,3,L,Men,2025-09-02 16:41:58.601210
Outerwear 569,4966880.0,4.7,3,XL,Women,2025-09-02 16:41:58.601210
Jacket 570,4000960.0,3.9,3,XXL,Unisex,2025-09-02 16:41:58.601210
T-shirt 572,4756320.0,3.2,3,M,Women,2025-09-02 16:41:58.602227
Hoodie 573,6954080.0,4.5,3,L,Unisex,2025-09-02 16:41:58.602227
Pants 574,2424000.0,3.8,3,XL,Men,2025-09-02 16:41:58.603224
Outerwear 575,3517760.0,3.4,3,XXL,Women,2025-09-02 16:41:58.603224
Jacket 576,805600.0,3.5,3,S,Unisex,2025-09-02 16:41:58.603822
Crewneck 577,7873920.0,3.3,3,M,Men,2025-09-02 16:41:58.603822
T-shirt 578,7958880.0,4.1,3,L,Women,2025-09-02 16:41:58.603822
Hoodie 579,4428640.0,4.4,3,XL,Unisex,2025-09-02 16:41:58.603822
Pants 580,2625440.0,3.3,3,XXL,Men,2025-09-02 16:41:58.604856
Jacket 582,4112160.0,4.1,3,M,Unisex,2025-09-02 16:42:01.067494
Crewneck 583,5737760.0,4.5,3,L,Men,2025-09-02 16:42:01.068503
T-shirt 584,6964960.0,4.8,3,XL,Women,2025-09-02 16:42:01.069504
Hoodie 585,6186880.0,4.9,3,XXL,Unisex,2025-09-02 16:42:01.069504
Outerwear 587,4424960.0,4.4,3,M,Women,2025-09-02 16:42:01.070504
Jacket 588,4963040.0,4.7,3,L,Unisex,2025-09-02 16:42:01.070504
Crewneck 589,931840.0,4.7,3,XL,Men,2025-09-02 16:42:01.071497
T-shirt 590,6457120.0,3.9,3,XXL,Women,2025-09-02 16:42:01.071497
Pants 592,6805440.0,4.3,3,M,Men,2025-09-02 16:42:01.072497
Outerwear 593,7163840.0,3.9,3,L,Women,2025-09-02 16:42:01.072497
Jacket 594,8707680.0,4.2,3,XL,Unisex,2025-09-02 16:42:01.072497
Crewneck 595,3723840.0,3.5,3,XXL,Men,2025-09-02 16:42:01.073498
T-shirt 596,8290400.0,4.4,3,S,Women,2025-09-02 16:42:01.073498
Hoodie 597,7969440.0,3.3,3,M,Unisex,2025-09-02 16:42:01.074016
Pants 598,4714080.0,4.1,3,L,Men,2025-09-02 16:42:01.074016
Outerwear 599,1179040.0,3.3,3,XL,Women,2025-09-02 16:42:01.074016
Jacket 600,6414080.0,3.0,3,XXL,Unisex,2025-09-02 16:42:01.075041
T-shirt 602,2260960.0,4.4,3,M,Women,2025-09-02 16:42:03.749210
Hoodie 603,7511520.0,3.1,3,L,Unisex,2025-09-02 16:42:03.750237
Pants 604,7662240.0,4.3,3,XL,Men,2025-09-02 16:42:03.751261
Outerwear 605,1710720.0,3.7,3,XXL,Women,2025-09-02 16:42:03.752227
Jacket 606,5770720.0,4.6,3,S,Unisex,2025-09-02 16:42:03.753228
Crewneck 607,3857600.0,3.1,3,M,Men,2025-09-02 16:42:03.753228
T-shirt 608,7047840.0,4.6,3,L,Women,2025-09-02 16:42:03.754699
Hoodie 609,2956320.0,4.1,3,XL,Unisex,2025-09-02 16:42:03.755753
Pants 610,4515360.0,3.3,3,XXL,Men,2025-09-02 16:42:03.756678
Jacket 612,3202720.0,3.1,3,M,Unisex,2025-09-02 16:42:03.759401
Crewneck 613,1013920.0,3.6,3,L,Men,2025-09-02 16:42:03.759401
T-shirt 614,2428160.0,3.1,3,XL,Women,2025-09-02 16:42:03.760432
Hoodie 615,4798720.0,4.8,3,XXL,Unisex,2025-09-02 16:42:03.760432
Outerwear 617,1765920.0,4.3,3,M,Women,2025-09-02 16:42:03.763491
Jacket 618,6474080.0,3.3,3,L,Unisex,2025-09-02 16:42:03.763491
Crewneck 619,8340639.999999999,4.4,3,XL,Men,2025-09-02 16:42:03.764047
T-shirt 620,2270240.0,3.3,3,XXL,Women,2025-09-02 16:42:03.764047
Pants 622,4849600.0,3.5,3,M,Men,2025-09-02 16:42:06.518410
Outerwear 623,7299520.0,4.6,3,L,Women,2025-09-02 16:42:06.519416
Jacket 624,6943200.0,3.9,3,XL,Unisex,2025-09-02 16:42:06.520411
Crewneck 625,7826400.0,4.1,3,XXL,Men,2025-09-02 16:42:06.520411
T-shirt 626,7777440.0,4.5,3,S,Women,2025-09-02 16:42:06.521414
Hoodie 627,1232320.0,3.2,3,M,Unisex,2025-09-02 16:42:06.521414
Pants 628,8113120.0,4.3,3,L,Men,2025-09-02 16:42:06.522408
Outerwear 629,3997920.0,4.4,3,XL,Women,2025-09-02 16:42:06.523411
Jacket 630,1003680.0,3.8,3,XXL,Unisex,2025-09-02 16:42:06.523968
T-shirt 632,4314240.0,3.6,3,M,Women,2025-09-02 16:42:06.524987
Hoodie 633,3128000.0,3.1,3,L,Unisex,2025-09-02 16:42:06.525976
Pants 634,8535680.0,3.9,3,XL,Men,2025-09-02 16:42:06.526970
Outerwear 635,6897120.0,4.1,3,XXL,Women,2025-09-02 16:42:06.526970
Jacket 636,3476320.0,4.5,3,S,Unisex,2025-09-02 16:42:06.528046
Crewneck 637,6030240.0,4.0,3,M,Men,2025-09-02 16:42:06.528592
T-shirt 638,5220960.0,4.6,3,L,Women,2025-09-02 16:42:06.529643
Hoodie 639,6782720.0,4.7,3,XL,Unisex,2025-09-02 16:42:06.529643
Pants 640,3038560.0,3.8,3,XXL,Men,2025-09-02 16:42:06.529643
Jacket 642,7747360.0,4.7,3,M,Unisex,2025-09-02 16:42:09.040815
Crewneck 643,6116000.0,3.2,3,L,Men,2025-09-02 16:42:09.041815
T-shirt 644,7479360.0,4.2,3,XL,Women,2025-09-02 16:42:09.041815
Hoodie 645,3285440.0,3.3,3,XXL,Unisex,2025-09-02 16:42:09.043343
Outerwear 647,4304960.0,3.8,3,M,Women,2025-09-02 16:42:09.046401
Jacket 648,8699520.0,4.5,3,L,Unisex,2025-09-02 16:42:09.047893
Crewneck 649,8588160.0,3.2,3,XL,Men,2025-09-02 16:42:09.048893
T-shirt 650,8012800.0,3.4,3,XXL,Women,2025-09-02 16:42:09.049989
Pants 652,6084960.0,3.3,3,M,Men,2025-09-02 16:42:09.054546
Outerwear 653,2622080.0,4.0,3,L,Women,2025-09-02 16:42:09.055595
Jacket 654,4089440.0,4.7,3,XL,Unisex,2025-09-02 16:42:09.059029
Crewneck 655,1834240.0,4.1,3,XXL,Men,2025-09-02 16:42:09.063563
T-shirt 656,2538720.0,4.2,3,S,Women,2025-09-02 16:42:09.064744
Hoodie 657,8459040.0,4.8,3,M,Unisex,2025-09-02 16:42:09.065800
Pants 658,6268320.0,3.8,3,L,Men,2025-09-02 16:42:09.065800
Outerwear 659,1817920.0,3.3,3,XL,Women,2025-09-02 16:42:09.066799
Jacket 660,8715200.0,3.5,3,XXL,Unisex,2025-09-02 16:42:09.066799
T-shirt 662,1422720.0,4.5,3,M,Women,2025-09-02 16:42:11.328150
Hoodie 663,7087200.0,4.0,3,L,Unisex,2025-09-02 16:42:11.328150
Pants 664,8248639.999999999,3.5,3,XL,Men,2025-09-02 16:42:11.328150
Outerwear 665,4033600.0,3.2,3,XXL,Women,2025-09-02 16:42:11.329203
Jacket 666,4844000.0,3.9,3,S,Unisex,2025-09-02 16:42:11.329203
Crewneck 667,1756640.0,3.7,3,M,Men,2025-09-02 16:42:11.329203
T-shirt 668,5044640.0,3.7,3,L,Women,2025-09-02 16:42:11.330210
Hoodie 669,2346080.0,3.3,3,XL,Unisex,2025-09-02 16:42:11.330210
Pants 670,8406720.0,4.8,3,XXL,Men,2025-09-02 16:42:11.330210
Jacket 672,4776160.0,4.5,3,M,Unisex,2025-09-02 16:42:11.331212
Crewneck 673,2803360.0,4.7,3,L,Men,2025-09-02 16:42:11.332154
T-shirt 674,3156640.0,3.1,3,XL,Women,2025-09-02 16:42:11.332154
Hoodie 675,4314880.0,3.2,3,XXL,Unisex,2025-09-02 16:42:11.332154
Outerwear 677,4657440.0,3.3,3,M,Women,2025-09-02 16:42:11.332154
Jacket 678,2777120.0,4.3,3,L,Unisex,2025-09-02 16:42:11.333748
Crewneck 679,6373120.0,3.2,3,XL,Men,2025-09-02 16:42:11.334800
T-shirt 680,8164800.0,3.2,3,XXL,Women,2025-09-02 16:42:11.334800
Pants 682,7616480.0,3.9,3,M,Men,2025-09-02 16:42:14.065265
Outerwear 683,3907360.0,3.6,3,L,Women,2025-09-02 16:42:14.065265
Jacket 684,7102560.0,3.5,3,XL,Unisex,2025-09-02 16:42:14.066461
Crewneck 685,1495840.0,4.6,3,XXL,Men,2025-09-02 16:42:14.067623
T-shirt 686,5381760.0,3.8,3,S,Women,2025-09-02 16:42:14.067623
Hoodie 687,4220800.0,4.7,3,M,Unisex,2025-09-02 16:42:14.068777
Pants 688,1487520.0,4.4,3,L,Men,2025-09-02 16:42:14.068777
Outerwear 689,1939040.0,4.6,3,XL,Women,2025-09-02 16:42:14.069951
Jacket 690,8782560.0,4.7,3,XXL,Unisex,2025-09-02 16:42:14.069951
T-shirt 692,1416480.0,4.1,3,M,Women,2025-09-02 16:42:14.071520
Hoodie 693,3031680.0,4.1,3,L,Unisex,2025-09-02 16:42:14.072601
Pants 694,2466720.0,3.4,3,XL,Men,2025-09-02 16:42:14.073613
Outerwear 695,959360.0,3.3,3,XXL,Women,2025-09-02 16:42:14.073613
Jacket 696,5146240.0,4.2,3,S,Unisex,2025-09-02 16:42:14.075008
Crewneck 697,6545120.0,5.0,3,M,Men,2025-09-02 16:42:14.076292
T-shirt 698,2444960.0,4.1,3,L,Women,2025-09-02 16:42:14.077281
Hoodie 699,5250240.0,4.5,3,XL,Unisex,2025-09-02 16:42:14.077281
Pants 700,3526560.0,4.3,3,XXL,Men,2025-09-02 16:42:14.078283
Jacket 702,4927680.0,4.3,3,M,Unisex,2025-09-02 16:42:16.283297
Crewneck 703,2949120.0,4.2,3,L,Men,2025-09-02 16:42:16.283813
T-shirt 704,6214240.0,4.1,3,XL,Women,2025-09-02 16:42:16.283813
Hoodie 705,3042880.0,3.1,3,XXL,Unisex,2025-09-02 16:42:16.283813
Outerwear 707,7746240.0,4.4,3,M,Women,2025-09-02 16:42:16.284837
Jacket 708,8541280.0,4.3,3,L,Unisex,2025-09-02 16:42:16.284837
Crewneck 709,7022400.0,3.9,3,XL,Men,2025-09-02 16:42:16.285857
T-shirt 710,3751520.0,3.2,3,XXL,Women,2025-09-02 16:42:16.285857
Pants 712,1510400.0,4.1,3,M,Men,2025-09-02 16:42:16.286862
Outerwear 713,3142880.0,4.4,3,L,Women,2025-09-02 16:42:16.286862
Jacket 714,892320.0,3.1,3,XL,Unisex,2025-09-02 16:42:16.287857
Crewneck 715,7021760.0,3.9,3,XXL,Men,2025-09-02 16:42:16.287857
T-shirt 716,3602560.0,4.9,3,S,Women,2025-09-02 16:42:16.287857
Hoodie 717,1532800.0,3.6,3,M,Unisex,2025-09-02 16:42:16.288857
Pants 718,4057120.0,3.2,3,L,Men,2025-09-02 16:42:16.288857
Outerwear 719,3172960.0,4.7,3,XL,Women,2025-09-02 16:42:16.289865
Jacket 720,2028320.0,3.8,3,XXL,Unisex,2025-09-02 16:42:16.290868
T-shirt 722,8724320.0,3.2,3,M,Women,2025-09-02 16:42:18.941713
Hoodie 723,5664800.0,3.4,3,L,Unisex,2025-09-02 16:42:18.943233
Pants 724,4824800.0,4.7,3,XL,Men,2025-09-02 16:42:18.944320
Outerwear 725,4979200.0,3.0,3,XXL,Women,2025-09-02 16:42:18.945258
Jacket 726,6345920.0,3.5,3,S,Unisex,2025-09-02 16:42:18.945258
Crewneck 727,4024000.0,4.8,3,M,Men,2025-09-02 16:42:18.946262
T-shirt 728,8173440.0,3.0,3,L,Women,2025-09-02 16:42:18.947278
Hoodie 729,6431360.0,3.6,3,XL,Unisex,2025-09-02 16:42:18.947278
Pants 730,7228800.0,4.5,3,XXL,Men,2025-09-02 16:42:18.947278
Jacket 732,6597600.0,3.9,3,M,Unisex,2025-09-02 16:42:18.948272
Crewneck 733,1162880.0,4.7,3,L,Men,2025-09-02 16:42:18.948272
T-shirt 734,6858560.0,4.2,3,XL,Women,2025-09-02 16:42:18.949277
Hoodie 735,4664320.0,4.0,3,XXL,Unisex,2025-09-02 16:42:18.949277
Outerwear 737,1015680.0,4.7,3,M,Women,2025-09-02 16:42:18.950276
Jacket 738,1893920.0,3.7,3,L,Unisex,2025-09-02 16:42:18.950276
Crewneck 739,8072960.0,3.3,3,XL,Men,2025-09-02 16:42:18.950276
T-shirt 740,7016640.0,3.4,3,XXL,Women,2025-09-02 16:42:18.951277
Pants 742,5626080.0,3.6,3,M,Men,2025-09-02 16:42:21.810887
Outerwear 743,5678080.0,3.0,3,L,Women,2025-09-02 16:42:21.811900
Jacket 744,5175680.0,4.1,3,XL,Unisex,2025-09-02 16:42:21.811900
Crewneck 745,2882560.0,3.8,3,XXL,Men,2025-09-02 16:42:21.811900
T-shirt 746,1517440.0,5.0,3,S,Women,2025-09-02 16:42:21.813426
Hoodie 747,6326880.0,4.7,3,M,Unisex,2025-09-02 16:42:21.814481
Pants 748,3134080.0,3.7,3,L,Men,2025-09-02 16:42:21.815475
Outerwear 749,2627360.0,3.2,3,XL,Women,2025-09-02 16:42:21.815475
Jacket 750,1030400.0000000001,3.7,3,XXL,Unisex,2025-09-02 16:42:21.816522
T-shirt 752,7431520.0,3.8,3,M,Women,2025-09-02 16:42:21.817526
Hoodie 753,8137600.0,4.8,3,L,Unisex,2025-09-02 16:42:21.817526
Pants 754,7229760.0,3.1,3,XL,Men,2025-09-02 16:42:21.817526
Outerwear 755,6910400.0,4.6,3,XXL,Women,2025-09-02 16:42:21.818520
Jacket 756,7128000.0,3.1,3,S,Unisex,2025-09-02 16:42:21.818520
Crewneck 757,7582720.0,4.4,3,M,Men,2025-09-02 16:42:21.819521
T-shirt 758,6025920.0,3.1,3,L,Women,2025-09-02 16:42:21.819521
Hoodie 759,2779840.0,4.7,3,XL,Unisex,2025-09-02 16:42:21.819521
Pants 760,2191040.0,4.1,3,XXL,Men,2025-09-02 16:42:21.820518
Jacket 762,4091840.0,4.9,3,M,Unisex,2025-09-02 16:42:24.512366
Crewneck 763,5792640.0,3.9,3,L,Men,2025-09-02 16:42:24.513421
T-shirt 764,7211680.0,3.4,3,XL,Women,2025-09-02 16:42:24.514017
Hoodie 765,1343360.0,4.9,3,XXL,Unisex,2025-09-02 16:42:24.515044
Outerwear 767,4152800.0,4.5,3,M,Women,2025-09-02 16:42:24.517038
Jacket 768,5662080.0,4.9,3,L,Unisex,2025-09-02 16:42:24.518025
Crewneck 769,6294560.0,3.3,3,XL,Men,2025-09-02 16:42:24.518025
T-shirt 770,1655040.0,3.5,3,XXL,Women,2025-09-02 16:42:24.519042
Pants 772,8748160.0,3.4,3,M,Men,2025-09-02 16:42:24.520087
Outerwear 773,3393600.0,3.2,3,L,Women,2025-09-02 16:42:24.521087
Jacket 774,1485760.0,4.1,3,XL,Unisex,2025-09-02 16:42:24.522086
Crewneck 775,8189440.0,3.1,3,XXL,Men,2025-09-02 16:42:24.523630
T-shirt 776,5333120.0,3.7,3,S,Women,2025-09-02 16:42:24.523630
Hoodie 777,6104800.0,3.4,3,M,Unisex,2025-09-02 16:42:24.523630
Pants 778,6034720.0,4.2,3,L,Men,2025-09-02 16:42:24.524719
Outerwear 779,5816480.0,3.2,3,XL,Women,2025-09-02 16:42:24.524719
Jacket 780,2767520.0,3.4,3,XXL,Unisex,2025-09-02 16:42:24.524719
T-shirt 782,4117439.9999999995,4.5,3,M,Women,2025-09-02 16:42:27.272595
Hoodie 783,2510720.0,3.0,3,L,Unisex,2025-09-02 16:42:27.273652
Pants 784,5341280.0,3.0,3,XL,Men,2025-09-02 16:42:27.274200
Outerwear 785,6444480.0,4.3,3,XXL,Women,2025-09-02 16:42:27.274200
Jacket 786,6749280.0,5.0,3,S,Unisex,2025-09-02 16:42:27.275385
Crewneck 787,4593600.0,4.7,3,M,Men,2025-09-02 16:42:27.276883
T-shirt 788,3041120.0,4.7,3,L,Women,2025-09-02 16:42:27.276883
Hoodie 789,2153280.0,4.0,3,XL,Unisex,2025-09-02 16:42:27.278198
Pants 790,1708320.0,3.2,3,XXL,Men,2025-09-02 16:42:27.279192
Jacket 792,4068960.0,3.8,3,M,Unisex,2025-09-02 16:42:27.280197
Crewneck 793,8650080.0,4.0,3,L,Men,2025-09-02 16:42:27.280197
T-shirt 794,5983040.0,4.0,3,XL,Women,2025-09-02 16:42:27.281199
Hoodie 795,4209600.0,3.9,3,XXL,Unisex,2025-09-02 16:42:27.282197
Outerwear 797,2771360.0,4.9,3,M,Women,2025-09-02 16:42:27.283782
Jacket 798,4391040.0,3.4,3,L,Unisex,2025-09-02 16:42:27.284877
Crewneck 799,4048800.0,4.2,3,XL,Men,2025-09-02 16:42:27.284877
T-shirt 800,7433280.0,4.6,3,XXL,Women,2025-09-02 16:42:27.285876
Pants 802,5710240.0,4.4,3,M,Men,2025-09-02 16:42:29.215148
Outerwear 803,1875360.0,4.3,3,L,Women,2025-09-02 16:42:29.215148
Jacket 804,4459040.0,3.9,3,XL,Unisex,2025-09-02 16:42:29.215148
Crewneck 805,3266720.0,4.8,3,XXL,Men,2025-09-02 16:42:29.216145
T-shirt 806,7310560.0,3.0,3,S,Women,2025-09-02 16:42:29.216145
Hoodie 807,5016000.0,4.7,3,M,Unisex,2025-09-02 16:42:29.216145
Pants 808,8717760.0,3.2,3,L,Men,2025-09-02 16:42:29.216145
Outerwear 809,7162560.0,3.7,3,XL,Women,2025-09-02 16:42:29.217151
Jacket 810,3796640.0,4.8,3,XXL,Unisex,2025-09-02 16:42:29.217151
T-shirt 812,6406080.0,4.2,3,M,Women,2025-09-02 16:42:29.217151
Hoodie 813,4872800.0,5.0,3,L,Unisex,2025-09-02 16:42:29.217151
Pants 814,1110080.0,4.7,3,XL,Men,2025-09-02 16:42:29.218150
Outerwear 815,5985440.0,4.8,3,XXL,Women,2025-09-02 16:42:29.218150
Jacket 816,1649120.0,4.5,3,S,Unisex,2025-09-02 16:42:29.219151
Crewneck 817,8744160.0,4.4,3,M,Men,2025-09-02 16:42:29.219151
T-shirt 818,5160320.0,3.8,3,L,Women,2025-09-02 16:42:29.219151
Hoodie 819,4742400.0,4.7,3,XL,Unisex,2025-09-02 16:42:29.219151
Pants 820,6030720.0,3.4,3,XXL,Men,2025-09-02 16:42:29.219151
Jacket 822,838240.0,4.2,3,M,Unisex,2025-09-02 16:42:31.442610
Crewneck 823,6103520.0,4.7,3,L,Men,2025-09-02 16:42:31.443617
T-shirt 824,3301440.0,4.1,3,XL,Women,2025-09-02 16:42:31.444947
Hoodie 825,1058400.0,3.8,3,XXL,Unisex,2025-09-02 16:42:31.444947
Outerwear 827,7091040.0,4.8,3,M,Women,2025-09-02 16:42:31.447307
Jacket 828,2324000.0,4.6,3,L,Unisex,2025-09-02 16:42:31.447307
Crewneck 829,4630400.0,4.4,3,XL,Men,2025-09-02 16:42:31.448303
T-shirt 830,4496480.0,3.0,3,XXL,Women,2025-09-02 16:42:31.449297
Pants 832,3955360.0,4.6,3,M,Men,2025-09-02 16:42:31.450306
Outerwear 833,7101280.0,3.0,3,L,Women,2025-09-02 16:42:31.450306
Jacket 834,7223680.0,3.1,3,XL,Unisex,2025-09-02 16:42:31.450306
Crewneck 835,7143360.0,3.9,3,XXL,Men,2025-09-02 16:42:31.451294
T-shirt 836,6065440.0,4.1,3,S,Women,2025-09-02 16:42:31.451294
Hoodie 837,5532640.0,5.0,3,M,Unisex,2025-09-02 16:42:31.451294
Pants 838,2848800.0,3.1,3,L,Men,2025-09-02 16:42:31.451294
Outerwear 839,4208320.0,3.9,3,XL,Women,2025-09-02 16:42:31.452304
Jacket 840,8164640.0,3.6,3,XXL,Unisex,2025-09-02 16:42:31.452304
T-shirt 842,2859040.0,3.3,3,M,Women,2025-09-02 16:42:33.631977
Hoodie 843,2997120.0,3.6,3,L,Unisex,2025-09-02 16:42:33.631977
Pants 844,7422880.0,3.9,3,XL,Men,2025-09-02 16:42:33.631977
Outerwear 845,2023200.0,3.2,3,XXL,Women,2025-09-02 16:42:33.633585
Jacket 846,7480480.0,3.6,3,S,Unisex,2025-09-02 16:42:33.633585
Crewneck 847,4789920.0,3.7,3,M,Men,2025-09-02 16:42:33.634610
T-shirt 848,6134240.0,4.1,3,L,Women,2025-09-02 16:42:33.634610
Hoodie 849,7816160.0,3.5,3,XL,Unisex,2025-09-02 16:42:33.635663
Pants 850,4144160.0,4.2,3,XXL,Men,2025-09-02 16:42:33.635663
Jacket 852,2777280.0,4.1,3,M,Unisex,2025-09-02 16:42:33.636659
Crewneck 853,2643840.0,3.4,3,L,Men,2025-09-02 16:42:33.637657
T-shirt 854,1600000.0,4.5,3,XL,Women,2025-09-02 16:42:33.637657
Hoodie 855,3249760.0,5.0,3,XXL,Unisex,2025-09-02 16:42:33.638619
Outerwear 857,4532800.0,3.0,3,M,Women,2025-09-02 16:42:33.640621
Jacket 858,3748640.0,3.7,3,L,Unisex,2025-09-02 16:42:33.640621
Crewneck 859,6418560.0,3.0,3,XL,Men,2025-09-02 16:42:33.641630
T-shirt 860,2419360.0,4.7,3,XXL,Women,2025-09-02 16:42:33.642622
Pants 862,4131359.9999999995,3.3,3,M,Men,2025-09-02 16:42:35.396011
Outerwear 863,1071360.0,4.0,3,L,Women,2025-09-02 16:42:35.397007
Jacket 864,2168000.0,4.5,3,XL,Unisex,2025-09-02 16:42:35.397007
Crewneck 865,6805120.0,3.9,3,XXL,Men,2025-09-02 16:42:35.397007
T-shirt 866,2399040.0,3.2,3,S,Women,2025-09-02 16:42:35.398003
Hoodie 867,1303840.0,3.3,3,M,Unisex,2025-09-02 16:42:35.398999
Pants 868,7473760.0,4.6,3,L,Men,2025-09-02 16:42:35.398999
Outerwear 869,6040320.0,4.5,3,XL,Women,2025-09-02 16:42:35.400004
Jacket 870,6395040.0,3.5,3,XXL,Unisex,2025-09-02 16:42:35.400004
T-shirt 872,1343680.0,4.3,3,M,Women,2025-09-02 16:42:35.401054
Hoodie 873,8321600.0,4.8,3,L,Unisex,2025-09-02 16:42:35.401054
Pants 874,2755200.0,4.4,3,XL,Men,2025-09-02 16:42:35.401054
Outerwear 875,2506720.0,4.6,3,XXL,Women,2025-09-02 16:42:35.401995
Jacket 876,3225760.0,4.6,3,S,Unisex,2025-09-02 16:42:35.401995
Crewneck 877,4552640.0,4.6,3,M,Men,2025-09-02 16:42:35.401995
T-shirt 878,4809760.0,4.7,3,L,Women,2025-09-02 16:42:35.401995
Hoodie 879,1026880.0000000001,3.1,3,XL,Unisex,2025-09-02 16:42:35.401995
Pants 880,6497760.0,4.3,3,XXL,Men,2025-09-02 16:42:35.401995
Jacket 882,6420960.0,3.3,3,M,Unisex,2025-09-02 16:42:38.125999
Crewneck 883,5901120.0,3.6,3,L,Men,2025-09-02 16:42:38.125999
T-shirt 884,7414720.0,4.3,3,XL,Women,2025-09-02 16:42:38.125999
Hoodie 885,4760640.0,3.4,3,XXL,Unisex,2025-09-02 16:42:38.127408
Outerwear 887,7806400.0,3.8,3,M,Women,2025-09-02 16:42:38.128456
Jacket 888,7869280.0,4.2,3,L,Unisex,2025-09-02 16:42:38.128456
Crewneck 889,6333920.0,4.6,3,XL,Men,2025-09-02 16:42:38.129453
T-shirt 890,6439040.0,4.7,3,XXL,Women,2025-09-02 16:42:38.129453
Pants 892,8515360.0,4.4,3,M,Men,2025-09-02 16:42:38.130453
Outerwear 893,2673600.0,3.2,3,L,Women,2025-09-02 16:42:38.131456
Jacket 894,2946560.0,4.8,3,XL,Unisex,2025-09-02 16:42:38.131456
Crewneck 895,1126720.0,4.3,3,XXL,Men,2025-09-02 16:42:38.131456
T-shirt 896,7873760.0,4.9,3,S,Women,2025-09-02 16:42:38.132458
Hoodie 897,6077920.0,3.1,3,M,Unisex,2025-09-02 16:42:38.132458
Pants 898,8408640.0,4.1,3,L,Men,2025-09-02 16:42:38.132458
Outerwear 899,6192960.0,4.8,3,XL,Women,2025-09-02 16:42:38.133447
Jacket 900,7214240.0,3.3,3,XXL,Unisex,2025-09-02 16:42:38.133447
T-shirt 902,3164000.0,3.6,3,M,Women,2025-09-02 16:42:41.071662
Hoodie 903,2617920.0,4.1,3,L,Unisex,2025-09-02 16:42:41.073678
Pants 904,3356320.0,3.9,3,XL,Men,2025-09-02 16:42:41.073678
Outerwear 905,5027840.0,4.9,3,XXL,Women,2025-09-02 16:42:41.074711
Jacket 906,4301760.0,3.9,3,S,Unisex,2025-09-02 16:42:41.076023
Crewneck 907,8732640.0,4.9,3,M,Men,2025-09-02 16:42:41.076023
T-shirt 908,7954880.0,4.2,3,L,Women,2025-09-02 16:42:41.077301
Hoodie 909,8383840.0,3.6,3,XL,Unisex,2025-09-02 16:42:41.077301
Pants 910,2395200.0,4.7,3,XXL,Men,2025-09-02 16:42:41.078303
Jacket 912,7853280.0,4.9,3,M,Unisex,2025-09-02 16:42:41.080305
Crewneck 913,3222240.0,3.5,3,L,Men,2025-09-02 16:42:41.080305
T-shirt 914,5799200.0,4.6,3,XL,Women,2025-09-02 16:42:41.080305
Hoodie 915,2649120.0,4.2,3,XXL,Unisex,2025-09-02 16:42:41.081304
Outerwear 917,6061600.0,4.0,3,M,Women,2025-09-02 16:42:41.083239
Jacket 918,5380800.0,3.3,3,L,Unisex,2025-09-02 16:42:41.083832
Crewneck 919,8364000.0,4.7,3,XL,Men,2025-09-02 16:42:41.084909
T-shirt 920,3706080.0,3.2,3,XXL,Women,2025-09-02 16:42:41.085896
Pants 922,1210880.0,4.4,3,M,Men,2025-09-02 16:42:44.427939
Outerwear 923,2435840.0,3.7,3,L,Women,2025-09-02 16:42:44.427939
Jacket 924,3764320.0,3.8,3,XL,Unisex,2025-09-02 16:42:44.427939
Crewneck 925,7900800.0,4.5,3,XXL,Men,2025-09-02 16:42:44.427939
T-shirt 926,1911040.0,4.6,3,S,Women,2025-09-02 16:42:44.429526
Hoodie 927,7706400.0,3.5,3,M,Unisex,2025-09-02 16:42:44.429526
Pants 928,3911680.0,3.4,3,L,Men,2025-09-02 16:42:44.430629
Outerwear 929,1253440.0,3.3,3,XL,Women,2025-09-02 16:42:44.430629
Jacket 930,1741120.0,4.9,3,XXL,Unisex,2025-09-02 16:42:44.431577
T-shirt 932,5937600.0,4.2,3,M,Women,2025-09-02 16:42:44.432573
Hoodie 933,4960800.0,3.4,3,L,Unisex,2025-09-02 16:42:44.432573
Pants 934,2248160.0,3.6,3,XL,Men,2025-09-02 16:42:44.432573
Outerwear 935,6048000.0,4.1,3,XXL,Women,2025-09-02 16:42:44.433687
Jacket 936,6165440.0,3.1,3,S,Unisex,2025-09-02 16:42:44.434247
Crewneck 937,2475360.0,4.1,3,M,Men,2025-09-02 16:42:44.434247
T-shirt 938,4058400.0,3.6,3,L,Women,2025-09-02 16:42:44.434247
Hoodie 939,4466080.0,4.8,3,XL,Unisex,2025-09-02 16:42:44.435269
Pants 940,5776000.0,3.7,3,XXL,Men,2025-09-02 16:42:44.435269
Jacket 942,7972960.0,3.0,3,M,Unisex,2025-09-02 16:42:47.401385
Crewneck 943,4571040.0,4.4,3,L,Men,2025-09-02 16:42:47.402564
T-shirt 944,1578240.0,4.6,3,XL,Women,2025-09-02 16:42:47.403563
Hoodie 945,2107680.0,4.2,3,XXL,Unisex,2025-09-02 16:42:47.404154
Outerwear 947,7079680.0,4.6,3,M,Women,2025-09-02 16:42:47.405168
Jacket 948,4600480.0,3.9,3,L,Unisex,2025-09-02 16:42:47.406168
Crewneck 949,1844320.0,4.4,3,XL,Men,2025-09-02 16:42:47.407152
T-shirt 950,7691680.0,4.9,3,XXL,Women,2025-09-02 16:42:47.408324
Pants 952,7155040.0,3.7,3,M,Men,2025-09-02 16:42:47.410223
Outerwear 953,8423200.0,3.8,3,L,Women,2025-09-02 16:42:47.410223
Jacket 954,3878720.0,4.1,3,XL,Unisex,2025-09-02 16:42:47.411228
Crewneck 955,7006560.0,4.7,3,XXL,Men,2025-09-02 16:42:47.412417
T-shirt 956,4457600.0,3.1,3,S,Women,2025-09-02 16:42:47.412417
Hoodie 957,4024320.0,4.4,3,M,Unisex,2025-09-02 16:42:47.413530
Pants 958,3946240.0,4.8,3,L,Men,2025-09-02 16:42:47.413530
Outerwear 959,6828480.0,4.6,3,XL,Women,2025-09-02 16:42:47.414599
Jacket 960,5840160.0,4.5,3,XXL,Unisex,2025-09-02 16:42:47.414599
T-shirt 962,2887840.0,4.1,3,M,Women,2025-09-02 16:42:49.635499
Hoodie 963,7916160.0,4.6,3,L,Unisex,2025-09-02 16:42:49.635499
Pants 964,3885280.0,3.3,3,XL,Men,2025-09-02 16:42:49.636632
Outerwear 965,3107200.0,4.5,3,XXL,Women,2025-09-02 16:42:49.636632
Jacket 966,8499520.0,4.9,3,S,Unisex,2025-09-02 16:42:49.640197
Crewneck 967,1744000.0,3.5,3,M,Men,2025-09-02 16:42:49.641194
T-shirt 968,4045120.0,4.4,3,L,Women,2025-09-02 16:42:49.642191
Hoodie 969,4231840.0,3.8,3,XL,Unisex,2025-09-02 16:42:49.642191
Pants 970,952960.0,4.6,3,XXL,Men,2025-09-02 16:42:49.643744
Jacket 972,7272000.0,4.4,3,M,Unisex,2025-09-02 16:42:49.643744
Crewneck 973,7134400.0,3.9,3,L,Men,2025-09-02 16:42:49.643744
T-shirt 974,4769280.0,3.0,3,XL,Women,2025-09-02 16:42:49.645489
Hoodie 975,4816000.0,3.6,3,XXL,Unisex,2025-09-02 16:42:49.645489
Outerwear 977,3356000.0,3.6,3,M,Women,2025-09-02 16:42:49.646586
Jacket 978,3918240.0,3.6,3,L,Unisex,2025-09-02 16:42:49.646586
Crewneck 979,4848480.0,3.4,3,XL,Men,2025-09-02 16:42:49.647588
T-shirt 980,6544000.0,3.1,3,XXL,Women,2025-09-02 16:42:49.647588
Pants 982,7281760.0,4.9,3,M,Men,2025-09-02 16:42:52.418275
Outerwear 983,5762560.0,3.2,3,L,Women,2025-09-02 16:42:52.419429
Jacket 984,7349440.0,3.8,3,XL,Unisex,2025-09-02 16:42:52.420431
Crewneck 985,6236000.0,4.3,3,XXL,Men,2025-09-02 16:42:52.421358
T-shirt 986,6713760.0,4.5,3,S,Women,2025-09-02 16:42:52.421358
Hoodie 987,4008000.0,4.7,3,M,Unisex,2025-09-02 16:42:52.421358
Pants 988,2054239.9999999998,3.5,3,L,Men,2025-09-02 16:42:52.422823
Outerwear 989,6869440.0,4.2,3,XL,Women,2025-09-02 16:42:52.422823
Jacket 990,3327360.0,4.2,3,XXL,Unisex,2025-09-02 16:42:52.423419
T-shirt 992,4840480.0,4.9,3,M,Women,2025-09-02 16:42:52.423419
Hoodie 993,6361920.0,3.4,3,L,Unisex,2025-09-02 16:42:52.424476
Pants 994,1693760.0,4.4,3,XL,Men,2025-09-02 16:42:52.424476
Outerwear 995,8046720.0,3.2,3,XXL,Women,2025-09-02 16:42:52.424476
Jacket 996,6942400.0,4.3,3,S,Unisex,2025-09-02 16:42:52.425476
Crewneck 997,5321280.0,3.9,3,M,Men,2025-09-02 16:42:52.426479
T-shirt 998,908000.0,4.2,3,L,Women,2025-09-02 16:42:52.426479
Hoodie 999,8534240.0,4.8,3,XL,Unisex,2025-09-02 16:42:52.427490
Pants 1000,2938240.0,4.7,3,XXL,Men,2025-09-02 16:42:52.427490
